"bsn","languages"
"01A01",""
"01A02",""
"01A03",""
"01A04","Englisch Französisch Spanisch"
"01B01","Englisch"
"01B01","Englisch"
"01B01","Englisch"
"01B01","Englisch"
"01B01","Englisch Französisch Spanisch"
"01B01","Englisch"
"01B02","Englisch"
"01B03","Englisch"
"01B03","Englisch"
"01B03","Englisch"
"01B03","Englisch Französisch Spanisch"
"01B03","Englisch"
"01B04","Englisch Französisch"
"01B04","Englisch"
"01B04",""
"01B05",""
"01B05","Englisch Französisch Spanisch Italienisch"
"01E03",""
"01E08",""
"01E10",""
"01E12",""
"01E13",""
"01E16",""
"01E18",""
"01E20",""
"01E21",""
"01E25",""
"01E26",""
"01E27",""
"01E28",""
"01E29",""
"01E30",""
"01E31",""
"01E32",""
"01G01","Englisch Französisch"
"01G02","Englisch"
"01G04","Englisch"
"01G05","Englisch"
"01G07","Englisch"
"01G08","Englisch"
"01G10","Englisch"
"01G11","Englisch"
"01G15",""
"01G16","Englisch"
"01G18","Englisch"
"01G19","Englisch"
"01G24","Englisch"
"01G25","Englisch"
"01G27","Englisch"
"01G28",""
"01G29","Englisch"
"01G31","Englisch"
"01G32","Englisch"
"01G35","Englisch"
"01G36","Englisch"
"01G37","Englisch"
"01G38","Englisch"
"01G39","Englisch"
"01G40","Französisch"
"01G41","Englisch"
"01G42","Englisch"
"01G43","Englisch"
"01G44","Englisch Französisch"
"01G45","Englisch"
"01G46",""
"01G47","Englisch"
"01K01","Englisch Französisch"
"01K02","Englisch Französisch"
"01K03","Englisch Französisch Spanisch Türkisch Russisch"
"01K04","Englisch Französisch"
"01K06","Englisch Französisch"
"01K07","Englisch Französisch"
"01K08","Englisch Französisch"
"01K08",""
"01K08",""
"01K09","Englisch Französisch"
"01K10","Englisch Französisch Latein"
"01P01","Englisch Französisch"
"01P03","Englisch Französisch Russisch Hebräisch"
"01P04","Englisch Französisch Russisch"
"01P05","Englisch"
"01P06","Englisch Latein Altgriechisch Japanisch"
"01P07","Englisch"
"01P07","Englisch"
"01P07",""
"01P11","Englisch"
"01P13","Englisch"
"01P14","Englisch Französisch Spanisch"
"01P14","Englisch Französisch Spanisch"
"01P14",""
"01P16","Englisch Französisch Spanisch"
"01P17","Englisch Französisch"
"01P17","Englisch"
"01P17","Englisch"
"01P18",""
"01P18","Englisch Französisch Spanisch"
"01P22","Englisch Spanisch"
"01P22","Englisch Spanisch Chinesisch"
"01P23","Englisch Französisch Spanisch"
"01P24","Englisch"
"01P24",""
"01P25","Englisch"
"01P33",""
"01P34",""
"01P36",""
"01P36",""
"01P37",""
"01P38",""
"01P39","Englisch"
"01P39",""
"01P40",""
"01P42",""
"01P43",""
"01P44",""
"01P45",""
"01P46",""
"01S01","Englisch"
"01S05","Englisch Französisch Latein Russisch"
"01S06","Englisch"
"01S07",""
"01Y02","Englisch Französisch Spanisch Latein"
"01Y04","Englisch Französisch"
"01Y07","Englisch Französisch Spanisch Latein Altgriechisch"
"01Y08","Englisch Französisch Latein Russisch"
"01Y09","Englisch Französisch Latein"
"01Y11","Englisch Französisch Latein Russisch"
"01Y12","Englisch Französisch Latein Chinesisch"
"02A01",""
"02A02",""
"02A03",""
"02A04",""
"02A05",""
"02A06",""
"02A07",""
"02A08",""
"02B01","Englisch"
"02B01",""
"02B01","Englisch"
"02B02","Englisch"
"02B02","Englisch"
"02B02","Englisch Spanisch"
"02B03","Englisch"
"02B03","Englisch"
"02B03","Englisch"
"02B04","Englisch"
"02B04","Englisch"
"02B04","Englisch Türkisch"
"02B04","Englisch"
"02B04","Englisch Französisch Spanisch Russisch"
"02B04","Englisch Spanisch"
"02B05","Englisch Französisch"
"02B05","Englisch"
"02B05",""
"02B05",""
"02B05","Englisch"
"02E01",""
"02E03",""
"02E04",""
"02E05","Englisch Französisch Spanisch"
"02E06",""
"02E07",""
"02E10",""
"02E11",""
"02E12",""
"02E14",""
"02E15",""
"02E17",""
"02E18",""
"02E20",""
"02E21",""
"02E23",""
"02E24",""
"02E26",""
"02E27",""
"02E28",""
"02E29",""
"02E30",""
"02E32",""
"02E33",""
"02E34",""
"02E35",""
"02E36",""
"02E37",""
"02E38",""
"02E39",""
"02G01","Englisch"
"02G02","Englisch"
"02G03","Englisch Französisch"
"02G04","Englisch"
"02G05","Englisch"
"02G07","Englisch"
"02G08","Englisch"
"02G09","Englisch"
"02G10","Englisch"
"02G11","Englisch"
"02G12","Englisch"
"02G13","Englisch Französisch"
"02G14","Englisch"
"02G15","Englisch"
"02G16","Englisch"
"02G18","Englisch"
"02G19","Englisch"
"02G20","Englisch"
"02G21","Englisch Französisch"
"02G22","Englisch"
"02G23","Englisch"
"02G24","Englisch"
"02G26","Englisch Französisch"
"02G27","Englisch"
"02G29","Englisch"
"02G31","Englisch"
"02G32","Englisch"
"02G33","Englisch"
"02G34","Englisch"
"02G35","Englisch"
"02K01","Englisch Französisch Spanisch Russisch"
"02K02","Englisch Französisch Türkisch Latein"
"02K03","Englisch Französisch Türkisch"
"02K04","Englisch Französisch Spanisch"
"02K05","Englisch Spanisch"
"02K06","Englisch Französisch"
"02K07","Englisch Französisch Spanisch"
"02K08","Englisch Spanisch Türkisch"
"02K09","Englisch Spanisch"
"02K10","Englisch Französisch Spanisch"
"02P02","Englisch"
"02P02",""
"02P03","Englisch Türkisch"
"02P04","Russisch"
"02P05","Englisch"
"02P05","Englisch"
"02P07","Englisch Französisch"
"02P07",""
"02P08",""
"02P09","Englisch"
"02P10",""
"02P11","Englisch Französisch Spanisch"
"02P12","Englisch Französisch Chinesisch Arabisch"
"02P13","Englisch Französisch"
"02P14",""
"02P16",""
"02P18",""
"02P19",""
"02P20",""
"02P22","Englisch"
"02P23",""
"02P25",""
"02P26",""
"02P27",""
"02P28",""
"02S01","Englisch"
"02S01","Englisch"
"02S01",""
"02S02",""
"02S03","Englisch Französisch"
"02S04","Englisch"
"02S05","Englisch"
"02S06",""
"02Y01","Englisch Französisch Latein"
"02Y03","Englisch Französisch Latein"
"02Y04","Englisch Französisch Latein"
"02Y05","Englisch Französisch Spanisch Latein"
"02Y06","Englisch Französisch Latein"
"02Y07","Englisch Französisch Spanisch Türkisch Latein"
"02Y08","Englisch Französisch Latein Italienisch"
"03A04","Englisch Französisch Spanisch Russisch"
"03A05",""
"03B02","Englisch"
"03B02","Englisch"
"03B02","Englisch"
"03B03","Englisch"
"03B03","Englisch"
"03B03","Englisch"
"03B03","Englisch"
"03B04","Englisch"
"03B04","Englisch"
"03B04","Englisch Französisch"
"03B04","Englisch Französisch"
"03B04","Englisch Französisch"
"03B06","Englisch"
"03B06","Englisch"
"03B07","Englisch Spanisch"
"03B07","Englisch"
"03B07","Englisch"
"03B07",""
"03B07","Englisch"
"03B08","Englisch"
"03B08","Englisch Französisch"
"03B08","Englisch Französisch"
"03B09","Englisch"
"03B09","Englisch Französisch"
"03B09","Englisch"
"03B09","Englisch"
"03B09","Englisch"
"03E03",""
"03E04",""
"03E07",""
"03E08",""
"03E10",""
"03E11",""
"03E12",""
"03E14",""
"03E15",""
"03E16",""
"03E17",""
"03E18",""
"03E19",""
"03E20",""
"03G01","Englisch"
"03G02","Englisch"
"03G03","Englisch Französisch"
"03G04","Englisch"
"03G05","Englisch"
"03G06","Englisch"
"03G08","Englisch Französisch"
"03G09","Englisch Französisch"
"03G10","Englisch"
"03G11","Englisch"
"03G12","Englisch"
"03G13","Englisch Französisch"
"03G14","Englisch Französisch"
"03G15","Englisch"
"03G16","Englisch Französisch"
"03G17",""
"03G18","Englisch"
"03G20","Englisch"
"03G21",""
"03G22","Englisch"
"03G23","Englisch"
"03G24","Englisch"
"03G25","Englisch"
"03G26","Englisch"
"03G27","Englisch Französisch"
"03G28","Englisch"
"03G29","Englisch"
"03G32","Englisch"
"03G33","Englisch"
"03G34","Englisch Französisch"
"03G35","Englisch"
"03G36","Englisch"
"03G37","Englisch"
"03G38","Englisch"
"03G39",""
"03G40","Englisch"
"03G41","Englisch Französisch"
"03G43","Englisch Französisch"
"03G44","Englisch"
"03G45","Englisch"
"03G46","Englisch"
"03G47","Englisch Französisch"
"03K01","Englisch Französisch Spanisch"
"03K02","Englisch Französisch Latein Russisch"
"03K03","Englisch Französisch Spanisch"
"03K04","Englisch Französisch Spanisch"
"03K04",""
"03K04",""
"03K05","Englisch Spanisch"
"03K06","Englisch Spanisch"
"03K07","Englisch Französisch"
"03K08","Englisch Französisch"
"03K09","Englisch Französisch"
"03K10","Englisch Französisch"
"03K11","Englisch Französisch Spanisch"
"03P02",""
"03P03","Englisch"
"03P03","Englisch Französisch"
"03P04","Englisch"
"03P04","Englisch"
"03P08","Englisch"
"03P08","Englisch"
"03P08",""
"03P10","Englisch Französisch Spanisch Latein"
"03P11",""
"03P12","Englisch"
"03P13","Englisch Französisch Italienisch"
"03P14","Englisch"
"03P15","Englisch"
"03P17",""
"03P18","Chinesisch"
"03P20","Englisch Spanisch"
"03P21","Englisch"
"03P22","Englisch Französisch Spanisch"
"03P23","Englisch"
"03P24","Englisch Französisch Japanisch"
"03P26","Englisch Französisch"
"03P27","Englisch"
"03P28","Englisch Spanisch"
"03P28","Englisch Spanisch"
"03P29",""
"03P29",""
"03P30","Englisch Russisch"
"03P31",""
"03P32","Englisch Französisch"
"03P33","Englisch"
"03P34",""
"03S01","Englisch"
"03S03",""
"03S06","Englisch"
"03S07","Englisch"
"03S08",""
"03S09","Englisch"
"03S10","Englisch Französisch"
"03Y03","Englisch Französisch Spanisch Latein"
"03Y04","Englisch Französisch Spanisch Latein Russisch Altgriechisch"
"03Y08","Englisch Französisch Latein Chinesisch Italienisch"
"03Y10","Englisch Spanisch Latein Russisch"
"03Y13","Englisch Französisch Spanisch Latein Japanisch"
"03Y14","Englisch Französisch Spanisch Latein"
"03Y15","Englisch Französisch Spanisch Latein"
"03Y16","Englisch Französisch Spanisch Latein"
"04A01",""
"04A02",""
"04A03",""
"04A04","Englisch Französisch Spanisch Latein"
"04A06","Englisch Französisch Latein"
"04A07",""
"04A08","Englisch Französisch Spanisch"
"04A09",""
"04B01","Englisch"
"04B01",""
"04B02","Englisch"
"04B02","Englisch"
"04B02","Englisch"
"04B02","Englisch Spanisch"
"04B03","Englisch"
"04B03","Englisch"
"04B03","Englisch"
"04B03","Englisch"
"04B04","Englisch"
"04B04","Englisch"
"04B04","Englisch"
"04B05",""
"04B05","Englisch"
"04B05",""
"04B05","Englisch Französisch Spanisch Latein"
"04B05","Englisch"
"04B06","Englisch"
"04B06","Englisch"
"04B06","Englisch"
"04B07","Englisch"
"04B07","Englisch"
"04B07","Englisch"
"04B08","Englisch"
"04B08","Englisch Spanisch"
"04E01",""
"04E02",""
"04E03",""
"04E04",""
"04E05",""
"04E07",""
"04E09",""
"04E10",""
"04E12",""
"04E13",""
"04E14",""
"04E15",""
"04E17",""
"04E20",""
"04E21",""
"04E22",""
"04E24",""
"04E25",""
"04E27",""
"04E28",""
"04E30",""
"04E31",""
"04E32",""
"04E33",""
"04E34",""
"04E36",""
"04E38",""
"04E40",""
"04E41",""
"04E42",""
"04E43",""
"04E44",""
"04E45",""
"04E46",""
"04E47",""
"04E48",""
"04E50",""
"04E51",""
"04E52",""
"04G01","Englisch Französisch"
"04G02","Englisch"
"04G04","Englisch"
"04G05","Englisch"
"04G06",""
"04G07","Englisch"
"04G08","Englisch"
"04G09","Englisch"
"04G11","Englisch"
"04G12","Englisch"
"04G13","Englisch"
"04G14","Englisch"
"04G15","Englisch Französisch"
"04G17","Englisch Französisch"
"04G18","Englisch"
"04G19","Englisch"
"04G20","Englisch"
"04G21","Englisch"
"04G22","Englisch"
"04G23","Englisch"
"04G24","Englisch Französisch"
"04G25","Englisch"
"04G26","Englisch Französisch"
"04G27","Englisch"
"04K02","Englisch Französisch Spanisch Latein Russisch"
"04K03","Englisch Französisch Spanisch Polnisch"
"04K04","Englisch Französisch"
"04K05","Englisch Französisch Spanisch"
"04K06","Englisch Spanisch"
"04K07","Englisch Französisch"
"04K08","Englisch Französisch"
"04K08",""
"04K08",""
"04P01","Englisch Latein"
"04P02","Englisch Französisch"
"04P03","Englisch"
"04P04","Englisch Französisch Spanisch Latein"
"04P05","Englisch Französisch"
"04P07","Englisch Französisch Spanisch Türkisch Russisch Polnisch Italienisch Portugiesisch"
"04P07","Englisch"
"04P08","Englisch Französisch Spanisch Italienisch Neugriechisch"
"04P09","Englisch"
"04P10","Englisch"
"04P11","Englisch Latein Altgriechisch"
"04P12","Französisch"
"04P15","Englisch"
"04P18","Englisch Spanisch"
"04P20","Englisch"
"04P20","Englisch Spanisch"
"04P20",""
"04P21",""
"04P22","Englisch Französisch"
"04P23",""
"04P23",""
"04P24","Englisch Französisch Spanisch Latein"
"04P25","Englisch"
"04P25","Englisch"
"04P27","Englisch"
"04P34","Englisch"
"04P35","Englisch Spanisch"
"04P36","Englisch"
"04P37",""
"04S01","Englisch"
"04S01",""
"04S02",""
"04S03","Englisch"
"04S04","Englisch"
"04S05",""
"04S05","Englisch"
"04S05",""
"04S06",""
"04S07","Englisch"
"04S07","Englisch"
"04S07",""
"04Y01","Englisch Französisch Latein Italienisch"
"04Y02","Englisch Französisch Spanisch Latein Italienisch"
"04Y03","Englisch Französisch Spanisch Latein"
"04Y04","Englisch Französisch Spanisch Latein"
"04Y05","Englisch Französisch Latein Chinesisch"
"04Y06","Englisch Latein Altgriechisch"
"04Y07","Englisch Französisch Spanisch"
"04Y08","Englisch Französisch Latein Japanisch"
"04Y09","Englisch Französisch Latein"
"04Y10","Englisch Französisch Latein Italienisch"
"04Y11","Englisch Latein Altgriechisch"
"05A01",""
"05A02",""
"05A03",""
"05A04",""
"05B01","Englisch"
"05B01","Englisch Französisch"
"05B01","Englisch Französisch"
"05B01","Englisch Französisch Spanisch"
"05B01","Englisch Französisch"
"05B02","Englisch"
"05B02","Englisch"
"05B02","Englisch"
"05B02",""
"05B02",""
"05E01",""
"05E02",""
"05E03",""
"05G01","Englisch"
"05G02","Englisch Französisch"
"05G03","Englisch"
"05G04","Englisch"
"05G05","Englisch Französisch"
"05G06","Englisch"
"05G07","Englisch"
"05G08","Englisch"
"05G09","Englisch"
"05G10","Englisch"
"05G11","Englisch"
"05G12","Englisch Französisch"
"05G13","Englisch"
"05G14","Englisch Französisch"
"05G15","Englisch"
"05G16","Englisch Französisch"
"05G17","Englisch"
"05G18","Englisch"
"05G19","Englisch Französisch"
"05G20",""
"05G21","Englisch"
"05G22","Englisch"
"05G23","Englisch"
"05G24","Englisch Französisch"
"05G25","Englisch"
"05G26","Englisch"
"05G27","Englisch"
"05G28","Englisch"
"05G29","Englisch Französisch"
"05K01","Englisch Französisch Spanisch Latein"
"05K02","Englisch Französisch Spanisch"
"05K03","Englisch Französisch Spanisch"
"05K04","Englisch Französisch Latein"
"05K05","Englisch Französisch"
"05K06","Englisch Französisch"
"05K07","Englisch Französisch Spanisch"
"05K08","Englisch Französisch"
"05K09","Englisch Französisch"
"05P01","Englisch Französisch Russisch"
"05P02","Englisch"
"05P03","Englisch Französisch"
"05P04",""
"05P04",""
"05P05",""
"05P06",""
"05P08","Englisch"
"05P10","Englisch"
"05P10","Englisch"
"05P13","Englisch Französisch Türkisch"
"05P13","Türkisch"
"05P15","Englisch"
"05P16",""
"05P17",""
"05P18","Englisch Spanisch"
"05P19","Englisch Französisch"
"05P20",""
"05S01","Englisch"
"05S02","Englisch"
"05S03",""
"05S04","Englisch"
"05Y01","Englisch Französisch Latein"
"05Y02","Englisch Französisch Latein"
"05Y03","Englisch Französisch Latein Russisch"
"05Y04","Englisch Französisch Latein Russisch"
"05Y05","Englisch Französisch Latein Chinesisch"
"06A01",""
"06A02",""
"06A03",""
"06A04",""
"06A05",""
"06A06",""
"06A07",""
"06A08",""
"06A09",""
"06B01","Englisch"
"06B01","Englisch"
"06B01","Englisch"
"06B01",""
"06B01","Englisch"
"06B02","Englisch Spanisch Russisch Polnisch"
"06B02","Englisch Polnisch"
"06B02","Englisch Polnisch"
"06B02","Englisch Französisch Spanisch"
"06B02","Englisch"
"06B03","Englisch"
"06B03","Englisch"
"06B03","Englisch"
"06B03","Englisch Französisch"
"06B04","Englisch"
"06B04","Englisch"
"06B04","Englisch"
"06B04","Englisch"
"06E01",""
"06E02",""
"06E05",""
"06E07",""
"06E08",""
"06E13",""
"06E14",""
"06G01",""
"06G02","Englisch Französisch"
"06G03","Englisch"
"06G04","Englisch"
"06G05","Englisch"
"06G06","Englisch Französisch"
"06G07","Englisch Französisch"
"06G08","Englisch"
"06G09",""
"06G10",""
"06G11","Englisch Französisch"
"06G12","Englisch Französisch"
"06G14","Englisch"
"06G15","Englisch Französisch"
"06G16","Englisch"
"06G17","Englisch Französisch"
"06G18","Englisch"
"06G20","Englisch Französisch"
"06G21","Englisch"
"06G22","Englisch"
"06G23","Englisch Französisch"
"06G24","Englisch"
"06G25","Englisch Französisch"
"06G26","Englisch"
"06G27","Englisch"
"06G28","Englisch"
"06G29",""
"06G30","Englisch"
"06G31","Englisch"
"06G32","Englisch"
"06K01","Englisch Französisch Spanisch Latein"
"06K02","Englisch Französisch Spanisch"
"06K03","Englisch Französisch Spanisch Latein Russisch"
"06K04","Englisch Französisch Latein"
"06K06","Englisch Französisch"
"06K08","Englisch Französisch"
"06K09","Englisch Französisch Niederländisch"
"06K10","Englisch Französisch Spanisch"
"06P01","Englisch"
"06P02",""
"06P04","Englisch Französisch Russisch"
"06P05","Französisch"
"06P06","Englisch"
"06P06","Englisch Französisch Spanisch Latein"
"06P06","Englisch Französisch Spanisch"
"06P07",""
"06P08","Englisch"
"06P08",""
"06P09","Englisch"
"06P10","Englisch"
"06P11","Englisch Französisch Spanisch"
"06P12","Englisch Französisch"
"06P13","Englisch Spanisch"
"06P14","Englisch Französisch"
"06P14","Englisch"
"06P14",""
"06P15","Englisch"
"06P15","Englisch"
"06P15","Englisch"
"06P18","Englisch"
"06P18","Englisch Französisch Spanisch"
"06P20","Englisch Spanisch"
"06P20","Englisch Spanisch"
"06P21","Englisch"
"06S01",""
"06S01",""
"06S02","Englisch"
"06S02","Englisch"
"06S03",""
"06S04","Englisch"
"06S05","Englisch Französisch"
"06S05",""
"06S05","Englisch"
"06Y01","Englisch Französisch Latein"
"06Y02","Englisch Französisch Latein"
"06Y03","Englisch Latein Altgriechisch"
"06Y04","Englisch Französisch Spanisch Latein"
"06Y05","Englisch Französisch Spanisch Latein Russisch Chinesisch"
"06Y06","Englisch Französisch Spanisch Latein"
"06Y07","Englisch Französisch Spanisch Latein"
"06Y08","Englisch Französisch Latein Russisch Italienisch"
"06Y09","Englisch Französisch Spanisch Latein"
"06Y10","Englisch Französisch Latein Italienisch"
"06Y11","Englisch Französisch Spanisch Latein"
"06Y12","Englisch Französisch Spanisch Latein"
"06Y13","Englisch Latein Altgriechisch"
"07A01",""
"07A02",""
"07A04",""
"07A05","Englisch Französisch Spanisch"
"07A06",""
"07B01","Englisch Französisch Spanisch"
"07B01","Englisch Französisch Spanisch"
"07B02","Englisch"
"07B02","Englisch"
"07B02","Englisch"
"07B02",""
"07B03","Englisch"
"07B03","Englisch"
"07B03","Englisch"
"07B03","Englisch Französisch Spanisch"
"07B03","Englisch"
"07E01",""
"07E02",""
"07E05",""
"07E07",""
"07E08",""
"07E09",""
"07E11",""
"07E15",""
"07E16",""
"07E17",""
"07E18",""
"07E19",""
"07E20",""
"07E21",""
"07E24",""
"07E25",""
"07E26",""
"07G01","Englisch"
"07G02","Englisch"
"07G03","Englisch"
"07G05","Englisch"
"07G06","Französisch"
"07G07","Englisch"
"07G10","Englisch"
"07G12","Englisch Französisch"
"07G13","Englisch"
"07G14",""
"07G15","Englisch Französisch"
"07G16",""
"07G17","Englisch Französisch"
"07G18","Englisch Französisch"
"07G19","Englisch"
"07G20","Englisch"
"07G21","Englisch"
"07G22","Englisch Französisch"
"07G23","Englisch"
"07G24","Englisch"
"07G25","Englisch"
"07G26","Englisch"
"07G27","Englisch"
"07G28","Englisch"
"07G29","Englisch"
"07G30","Englisch"
"07G31",""
"07G32","Englisch"
"07G34","Französisch"
"07G35","Englisch"
"07G36","Englisch Französisch"
"07G37","Englisch"
"07K01","Englisch Französisch Spanisch Latein"
"07K02","Englisch Französisch Spanisch Latein"
"07K03","Englisch Französisch Latein Japanisch"
"07K04","Englisch Französisch"
"07K05","Englisch Französisch Spanisch"
"07K06","Englisch Französisch Spanisch"
"07K07","Englisch Französisch"
"07K07",""
"07K09","Englisch Französisch"
"07K10","Englisch Französisch"
"07K11","Englisch Französisch"
"07K12","Englisch Französisch"
"07K13",""
"07P01","Englisch Französisch Spanisch Latein"
"07P02","Englisch"
"07P02",""
"07P03","Englisch"
"07P03","Englisch"
"07P03","Englisch"
"07P04","Englisch"
"07P05","Englisch"
"07P06","Englisch"
"07P07",""
"07P10","Englisch"
"07P10","Englisch"
"07P11","Englisch Französisch Spanisch"
"07P12",""
"07P13","Englisch Spanisch"
"07S01","Englisch"
"07S03",""
"07S04",""
"07Y01","Englisch Französisch Spanisch Latein"
"07Y02","Englisch Französisch Latein"
"07Y03","Englisch Französisch Spanisch Latein"
"07Y04","Englisch Französisch Latein Italienisch"
"07Y05","Englisch Französisch Spanisch Latein"
"07Y06","Englisch Französisch Spanisch Latein Chinesisch"
"07Y07","Englisch Französisch Latein"
"07Y08","Englisch Französisch Latein Italienisch"
"07Y09","Englisch Französisch Latein"
"08A01",""
"08A02",""
"08A04",""
"08A05",""
"08B01","Englisch"
"08B02","Englisch"
"08B02","Englisch"
"08B02","Englisch"
"08B02",""
"08B02","Englisch Französisch Latein"
"08B02","Englisch Französisch"
"08B04","Englisch Spanisch"
"08B04","Englisch Russisch"
"08B04","Englisch"
"08B04","Englisch"
"08B04","Englisch Spanisch"
"08B04","Englisch"
"08B05","Englisch"
"08B05","Englisch"
"08E02",""
"08E04",""
"08G01","Englisch"
"08G02","Englisch"
"08G03","Englisch"
"08G05","Englisch"
"08G06","Englisch"
"08G07","Englisch"
"08G08","Englisch"
"08G09","Englisch Französisch"
"08G10",""
"08G11","Englisch"
"08G12","Englisch"
"08G13","Englisch Französisch"
"08G14","Englisch"
"08G15","Englisch"
"08G16","Englisch"
"08G17","Englisch"
"08G18","Englisch"
"08G19","Englisch"
"08G20","Englisch"
"08G21","Englisch"
"08G22","Englisch"
"08G23","Englisch"
"08G24","Englisch"
"08G25","Englisch"
"08G26","Englisch"
"08G27","Englisch"
"08G28","Englisch"
"08G29","Englisch"
"08G30","Englisch"
"08G31","Englisch"
"08G32","Englisch"
"08G33","Englisch"
"08G34","Englisch Französisch"
"08G35","Englisch"
"08G36","Englisch"
"08G37","Englisch"
"08K01","Englisch Französisch Latein"
"08K02","Englisch Französisch"
"08K03","Englisch Französisch Türkisch Latein"
"08K04","Englisch Französisch"
"08K05","Englisch Französisch"
"08K06","Englisch Französisch Spanisch"
"08K07","Englisch Französisch Spanisch"
"08K08","Englisch Französisch"
"08K09","Englisch Französisch"
"08K10","Englisch Französisch Türkisch"
"08K10",""
"08K11","Englisch Französisch"
"08K12","Englisch Französisch"
"08P01","Englisch Französisch"
"08P02","Englisch"
"08P03","Englisch Französisch Spanisch"
"08P04","Englisch Französisch Spanisch Latein Polnisch"
"08P04","Englisch Spanisch"
"08P06","Englisch"
"08P08",""
"08P09","Englisch Französisch"
"08P10",""
"08P12",""
"08S01","Englisch"
"08S03","Englisch"
"08S04","Englisch"
"08S05","Englisch"
"08S06","Englisch"
"08S07",""
"08S08","Englisch"
"08S09","Englisch"
"08Y01","Englisch Französisch Latein Polnisch"
"08Y02","Englisch Französisch Spanisch"
"08Y03","Englisch Französisch Latein Italienisch"
"08Y04","Englisch Französisch Latein"
"08Y05","Englisch Französisch Latein Chinesisch"
"08Y06","Englisch Französisch Spanisch Latein"
"09A01",""
"09A02",""
"09A03",""
"09A04",""
"09A05","Englisch Spanisch Latein Russisch"
"09A06",""
"09A07","Englisch Französisch"
"09B03","Englisch"
"09B03","Englisch"
"09B03","Englisch"
"09B03","Englisch Französisch Spanisch Latein Russisch"
"09B03","Englisch Französisch"
"09E01",""
"09E05",""
"09E06",""
"09E07",""
"09G01","Englisch Französisch"
"09G03","Englisch"
"09G04","Englisch"
"09G05","Englisch"
"09G06","Englisch"
"09G07","Englisch"
"09G09","Englisch"
"09G10","Englisch"
"09G11","Englisch"
"09G13","Englisch"
"09G14","Englisch"
"09G15","Englisch"
"09G16","Englisch"
"09G17","Englisch"
"09G18","Englisch"
"09G19","Englisch"
"09G20","Englisch"
"09G21","Englisch"
"09G22","Englisch"
"09G23","Englisch"
"09G24","Englisch"
"09G25",""
"09G26","Englisch"
"09G27","Englisch"
"09G29","Englisch"
"09K01","Englisch Französisch Russisch"
"09K02","Englisch Französisch Latein Russisch"
"09K03","Englisch Französisch Spanisch"
"09K04","Englisch Französisch"
"09K05","Englisch Französisch"
"09K06","Englisch Französisch"
"09K07","Englisch Französisch Spanisch"
"09K08","Englisch Französisch Spanisch"
"09K09","Englisch Französisch Spanisch"
"09P01","Russisch"
"09P05","Englisch"
"09P06","Englisch Französisch Spanisch"
"09P07","Englisch Französisch Spanisch Latein"
"09P08","Englisch"
"09P09","Englisch Französisch Spanisch Latein"
"09P09","Englisch Französisch Spanisch Latein"
"09P10","Englisch"
"09P11","Englisch"
"09P12","Englisch Französisch"
"09P13","Englisch Französisch"
"09P15","Englisch Französisch"
"09P16",""
"09S03",""
"09S04",""
"09S05","Englisch"
"09S06",""
"09Y03","Englisch Französisch Latein Italienisch"
"09Y04","Englisch Französisch Spanisch Latein"
"09Y05","Englisch Französisch Latein Russisch"
"09Y06","Englisch Französisch Spanisch Latein"
"09Y10","Englisch Französisch Latein Russisch"
"09Y11","Englisch Französisch Spanisch Latein"
"10A04","Englisch Französisch Spanisch Latein Russisch"
"10A06",""
"10A07",""
"10A08",""
"10A09",""
"10B01","Englisch"
"10B01","Englisch"
"10B01","Englisch"
"10B01","Englisch Spanisch"
"10B02","Englisch"
"10B02","Englisch"
"10B02","Englisch Französisch"
"10B02",""
"10B02","Englisch"
"10E01",""
"10E02",""
"10E04",""
"10G01","Englisch"
"10G03","Englisch"
"10G04",""
"10G05","Englisch"
"10G06","Englisch"
"10G07","Englisch"
"10G08","Englisch"
"10G09","Englisch"
"10G10",""
"10G11","Englisch"
"10G12","Englisch"
"10G13","Englisch"
"10G14","Englisch"
"10G16","Englisch"
"10G17","Englisch"
"10G18","Englisch"
"10G19","Englisch"
"10G22","Englisch"
"10G25","Englisch"
"10G26","Englisch"
"10G28","Englisch"
"10G29","Englisch"
"10G30","Englisch"
"10G31","Englisch"
"10G32","Englisch"
"10G33","Englisch"
"10K01","Englisch Französisch Russisch"
"10K02","Englisch Französisch Russisch"
"10K03","Englisch Französisch"
"10K03",""
"10K04","Englisch Französisch Spanisch Russisch"
"10K05","Englisch Französisch"
"10K06","Englisch Französisch"
"10K07","Englisch Französisch"
"10K08","Englisch Französisch Russisch"
"10K09","Englisch Französisch"
"10K10","Englisch Spanisch"
"10P03","Englisch"
"10P03","Englisch"
"10P05","Englisch Französisch Spanisch"
"10P09","Englisch"
"10P10","Englisch"
"10P12","Englisch Französisch Spanisch"
"10P13","Englisch"
"10P14","Englisch Französisch"
"10P15",""
"10S04",""
"10S07","Englisch"
"10S08",""
"10S10","Englisch"
"10S11","Englisch"
"10Y01","Englisch Französisch Spanisch Latein"
"10Y02","Englisch Französisch Spanisch Latein"
"10Y03","Englisch Französisch Latein"
"10Y08","Englisch Französisch Latein Russisch Italienisch"
"10Y11","Englisch Französisch Spanisch Latein Japanisch"
"11A02",""
"11A06",""
"11A07","Englisch Französisch Latein Russisch"
"11A08",""
"11B01","Englisch"
"11B01","Englisch"
"11B01","Englisch"
"11B02","Englisch"
"11B02","Englisch"
"11B02","Englisch Französisch"
"11B02","Englisch Französisch Spanisch"
"11B02","Englisch"
"11B03","Englisch"
"11B03","Englisch"
"11B03","Englisch"
"11B03","Englisch"
"11E05",""
"11E06",""
"11E08",""
"11E09",""
"11E11",""
"11E12",""
"11E13",""
"11E14",""
"11G01",""
"11G02","Englisch"
"11G03","Englisch"
"11G05","Englisch"
"11G06","Englisch Französisch"
"11G07","Englisch"
"11G08","Englisch"
"11G09","Englisch"
"11G10","Englisch"
"11G11","Englisch"
"11G12","Englisch"
"11G13","Englisch"
"11G14","Englisch"
"11G15","Englisch"
"11G16",""
"11G17","Englisch"
"11G18","Englisch"
"11G19","Englisch"
"11G21","Englisch"
"11G22","Englisch"
"11G23","Englisch"
"11G25","Englisch"
"11G26","Englisch"
"11G28","Englisch"
"11G29","Englisch Französisch"
"11K01","Englisch Französisch Latein Russisch"
"11K02","Englisch Französisch Spanisch Latein"
"11K04","Englisch Französisch Spanisch Latein Russisch"
"11K05","Englisch Französisch Latein Russisch"
"11K06","Englisch Französisch"
"11K07","Englisch Französisch Spanisch Russisch"
"11K08","Englisch Französisch"
"11K09","Englisch Französisch"
"11K10","Englisch Französisch Spanisch Russisch"
"11K11","Englisch Französisch"
"11P01","Englisch"
"11P02","Englisch"
"11P02","Englisch"
"11P02","Englisch"
"11P02",""
"11P03","Englisch"
"11P04","Englisch Französisch Chinesisch Arabisch"
"11P06","Englisch"
"11P06","Englisch"
"11P06",""
"11P08","Englisch"
"11P08","Englisch"
"11P09","Englisch Französisch Spanisch"
"11P14",""
"11P14",""
"11P15",""
"11S01","Englisch"
"11S02","Englisch"
"11S04","Englisch Französisch"
"11S05","Englisch Französisch"
"11S06","Englisch"
"11S07","Englisch Französisch"
"11S07",""
"11S08","Englisch"
"11S10","Englisch"
"11S12",""
"11Y02","Englisch Französisch Spanisch Russisch"
"11Y05","Englisch Französisch Spanisch Latein"
"11Y09","Englisch Französisch Spanisch Latein"
"11Y10","Englisch Französisch Latein"
"11Y11","Englisch Französisch Latein"
"12A01",""
"12A02",""
"12A05",""
"12A06",""
"12A07",""
"12A08",""
"12A09",""
"12B01","Englisch"
"12B01","Englisch"
"12B01","Englisch"
"12B01","Englisch"
"12B02","Englisch"
"12B02","Englisch"
"12B02","Englisch"
"12B02","Englisch"
"12B02","Englisch Französisch"
"12B02","Englisch Französisch"
"12B03","Englisch"
"12B03","Englisch"
"12B03","Englisch"
"12B03",""
"12B03","Englisch Spanisch"
"12E01",""
"12E03",""
"12E04",""
"12E05",""
"12E06",""
"12G01","Englisch"
"12G02","Englisch"
"12G03","Englisch"
"12G04","Englisch"
"12G05","Englisch"
"12G06","Englisch"
"12G07","Englisch"
"12G09","Englisch"
"12G10","Englisch"
"12G11","Französisch"
"12G12","Englisch"
"12G13","Englisch"
"12G14","Englisch Französisch"
"12G15","Englisch"
"12G17","Englisch"
"12G18","Englisch Französisch"
"12G19","Englisch Französisch"
"12G20","Englisch"
"12G21","Englisch"
"12G22","Englisch Französisch"
"12G23","Englisch"
"12G24","Englisch"
"12G26","Englisch"
"12G27","Englisch"
"12G28","Englisch"
"12G29","Englisch"
"12G30","Englisch"
"12G31","Englisch"
"12G32","Englisch"
"12G33","Englisch"
"12G34","Englisch"
"12K01","Englisch Spanisch"
"12K02","Englisch Französisch Spanisch Latein Chinesisch"
"12K03","Englisch Französisch Spanisch Latein"
"12K04","Englisch Spanisch"
"12K05","Englisch Französisch"
"12K06","Englisch Französisch"
"12K07","Englisch Französisch"
"12K08","Englisch Spanisch"
"12K09","Englisch Französisch Spanisch"
"12K10","Englisch Französisch"
"12K11","Englisch Französisch"
"12P01","Englisch"
"12P02","Französisch"
"12P03","Englisch"
"12P03","Englisch Französisch Latein"
"12P04","Englisch Französisch Latein"
"12P04","Englisch Französisch Latein"
"12P06","Englisch"
"12P07",""
"12P07","Englisch Französisch Spanisch Russisch"
"12P10","Englisch Französisch"
"12P11","Englisch Französisch Spanisch"
"12P13",""
"12P13",""
"12P13",""
"12P14","Englisch"
"12S01","Englisch"
"12S02","Englisch"
"12S03","Englisch"
"12S04",""
"12S05","Englisch"
"12S06",""
"12S06","Englisch"
"12S07","Englisch"
"12Y01","Englisch Französisch Spanisch Latein"
"12Y02","Englisch Französisch Spanisch Latein Chinesisch"
"12Y03","Englisch Französisch Latein Chinesisch"
"12Y04","Englisch Französisch Latein Polnisch"
"12Y05","Englisch Französisch Latein Italienisch"
"12Y06","Englisch Französisch Spanisch"
"12Y07","Englisch Französisch Spanisch Latein Chinesisch"
"12Y08","Englisch Französisch Spanisch"
